# destino_id,destino_nombre_es
197,1850 Hotel Boutique
440,Aabilo ob Hostel
735,Abbey Hotel Puerto Vallarta
749,AC Hotel By Marriot Santa Fe
353,Acanto Boutique Hotel
763,"Acanto Hotel Playa del Carmen, Trademark Collection by Wyndham"
724,Acapulco Malibu
298,Acapulco Tortuga
765,Acqua Grand Resort
178,Adhara
462,Ado Cancun
237,ADO Terminal Turistica Playa Del Carmen
261,Adonis Tulum GAY RESORT & Spa
57,Aeropuerto de Mérida
766,Agave Blue Bacalar
768,Agrado Guest House
767,Agua Azul la Villa
122,Ahau Tulum
137,Ahava Hotel
693,Akumal Bay Resort
750,Akumal Beach Resort
769,Alameda Centro Historico
701,Alameda House
206,Alameda Luxury Lofts
71,Alaya Tulum
729,Aldea Thai Luxury Condohotel
669,Alebrije Hotel Boutique
770,Alikar
662,All Business Hotel
771,All Ritmo Cancún Resort & Waterpark
671,All Riviera Resort
120,Allegro Playacar
774,Alo Select Mazatlan
276,Aloft Cancun
758,Aloft Tulum
292,AlterHome Hotel Nachancan
775,Aluna Hotel Tulum
579,AM Hotel & Plaza
482,AMA Yucatan
213,Amansala Resort Hotel
468,Amarte Maroma Hotel Eco Boutique Spa
537,Ambiance Suites Cancún
300,Ambiance Villas
736,Amor Boutique Hotel
306,Amueblados Caribe
309,Amueblados del mar
245,Ana y Jose & Spa
19,Andaina Hostel
428,Andaz Mayakoba Riviera Maya
135,Ángeles Suites & Hotel
269,Angelos Hotel
357,Antelar Casa Destino
86,Antera Hotel & Residences
111,Antigua Trece Hotel Fusión
123,Apartamento en Condominio de Lujo en Progreso
312,Apartamentos Torre II Condominios
136,Apartments Tukano by 40 Cañones
761,AQ Hotel
17,Aqualuna Hotel
401,Aquamarina Beach
706,Aquamarina Suites
325,Aquastar Hotel and Apartments
235,Aranzazu Centro Historico Guadalajara
321,Arcoiris Tulum
580,Arcos Aeropuerto
495,Arena Blue Boutique Hotel
777,"Armar House, All-Inclusive"
20,Arrecifes suites
778,Art 57 Hotel
355,Art 64 Hotel Boutique - Adults Only
535,Artia by Moskito Tulum
556,Artisan Senses Quinta Avenida - Adults Only
577,Aruma Luxury Suites Mahahual
779,Atelier Playa Mujeres
899,Autohotel La Escondida
726,AV Inn Hotel
40,Avalon Resort
561,Ave Vivo Playa Palmarito
129,Aventura Mexicana Hotel
48,Axkan Arte Hotel Tuxtla
2,Azteca Inn
6,"Azul Beach Resort Riviera Cancun , BY Karisma"
266,Azul Cielo Hostel
32,Azul Ixtapa
666,Azul Sirena Huatulco
547,Azul Villa Carola
364,Azul Villa Esmeralda
575,Azulik
787,Bacalar 777 Hotel Boutique
254,Bahia Hotel & Beach Resort
895,Bahia Principe Sian Ka'an
260,Balajú Hotel & Suites
43,Balamku Hotel Cafe
783,Bali Hai
365,Bambu Suites
705,Banyan Tree Mayakoba
785,Barcelo Gran Faro
327,Barceló Huatulco
323,Barceló Ixtapa
333,Barceló Karmina
786,Barcelo Maya Beach and Caribe
285,Barceló Maya Caribe
592,Barcelo Maya Colonial and Tropical
788,Barcelo Maya Palace Deluxe
717,Barcelo Maya Riviera
529,Barceló Mexico Reforma
63,Barceló Puerto Vallarta
193,Barcelo Tropical
566,Barcelona Tower Suite
900,Barlovento Condos
76,Barracuda
66,Bay View Grand Condominios
790,Be Mate Santa Fe
21,Be Playa
719,Be Tulum
791,Beach Palace
176,Beachfront House in Playa Palmarito
104,Beachscape Kin Ha Villas and Suites
782,Bel Air Collection Resort and Spa Cancún
221,Bel Air Collection Xpu Ha Riviera Maya
443,BelleVue Beach Paradise Cancún
709,Belmond Maroma Resort & Spa
378,Best Night Hotel La Laguna
683,Best Western Estoril
792,Best Western Global Express
232,Best Western Hotel Majestic
187,Best Western Hotel Posada Freeman Zona Dorada
408,Best Western Majestic
80,Best Western Plaza Genova Hotel
402,Best Western Plaza Kokai
105,Best Western Plus Gran Hotel Centro Historico
226,Best Western Plus Luna del Mar
242,Best Western Posada Chahue
275,Binniguenda Huatulco & Beach Club
280,Blue Angel Resort
591,Blue Bird Hotel Boutique
794,Blue Chairs Resort by the Sea
78,Blue Coconut Cancun
345,Blue Diamond Riviera Maya
548,Blue Pacific Suites
488,Blue Parrot Suites
291,Blue Pepper Hostel Downtown
446,Blue Pepper Plaza
356,BlueBay Grand Esmeralda
667,Bonsai Villas & Suites
194,Bora Boutique
179,Boutique by The Museo
271,Breathless Cancun Soul Resort & Spa
379,Breathless Los Cabos
400,Breathless Riviera Maya
500,Bric Vacation Rentals
508,Brisamar Guesthouse
380,Brisas Condominios
329,Bsea Cancun Plaza Hotel
340,Buenaventura Grand Hotel & Great Moments
490,Bungalows Hotel Mar-Sol By Rotamundos 
318,Bungalows Nautilus Oaxaca
250,Bungalows Santa Cruz
754,Bungalows Zicatela
532,Cabañas Ecoturisticas El Chital
425,Cabañas entre Pinos
415,Cabañas Los Lirios
505,Cabo Azul
241,Cabo del Sol Premier
506,Cabo Villas Resort
515,Cache Hotel Boutique
207,Cadillac Hotel Boutique
451,Calaluna
748,Caleta Tankah Tulum
453,Calinda Americas
797,Calinda Beach Acapulco
796,Calinda Cabo San Lucas
507,Calinda Roma
560,Calypso Hotel Cancún
552,Camino Mexicano Hotel Resort
196,Camino Real Mérida
26,Camino Real Polanco México
279,Camino Real Santa Fe
668,Camino Real Zaashila
259,Camino Real Zaashila Huatulco
410,Campeche Country Club
487,Canadian Resorts Huatulco
109,Canaima Acapulco
36,Cancún
406,Cancún
740,Cancun Bay Resort
747,Cancún Clipper Club
489,Cancun Plaza
416,Cancun Suites El Patio
85,Canopy by Hilton Cancun La Isla
381,Capital O Andrade
437,Capital O Casa Santa Fe
513,Capital O Central Downtown Guadalajara
256,Capital O El Nito
331,Capital O Frida Costazul
16,Capital O Garibaldi
456,Capital O Hotel José y Lety
38,Capital O Hotel Mexicano Huatulco
106,Capital O Hotel Santa Lucia
305,Capital O Hotel Zadapi
350,Capital O Las Garzas
351,Capital O Parador Crespo
60,Capital O Posada El Nito
555,Capital O Posada Jois
58,Capital O Posada Santa María
742,Capital O Veracruz Suites
33,Capital O Zona Dorada Inn
46,Capital Plaza Hotel
800,Capitan Lafite
473,Caracol Plaza
864,Carisa y Palma Condominios
107,Carri Surf Studio
124,Casa 3 Pilares Downtown Luxury
349,Casa Alebrijes Gay Hotel
97,Casa Alebrijes Gay Hotel - Caters to LGBT Guests
512,Casa Anita y Corona del Mar
7,Casa Araiza Centro de Guadalajara
398,Casa Arnel
465,Casa Arrayan
551,Casa Balché - Hostel
267,Casa Blanca Del Sol Bahía Chahue
119,Casa Bonita Hotel Boutique & Spa
352,Casa Bruma
891,Casa Cacao Tulum
708,Casa Caracol
414,Casa Carmen by Amador Montes
177,Casa Carmen Oaxaca
659,Casa Catrina
865,Casa Chukum
581,Casa Cid del Leon
217,Casa Corazón de Plata Suites
558,Casa de Colinas
559,Casa de la Luz
270,Casa de la Tierra
283,Casa de las Flores Hotel
239,Casa de las Ola
678,Casa de las Palomas Boutique Hotel
368,Casa de los Frailes Hotel
339,Casa de Sierra Azul
869,Casa de Zari B&B
74,Casa del Alma Hotel Boutique & Spa
337,Casa del Jaibo
663,Casa del Mar
868,Casa del Mar Cozumel
324,Casa Del Maya Bed and Breakfast
463,Casa del Rector Hotel Boutique
544,Casa Don Gustavo Boutique Hotel
393,Casa Doña Susana
354,Casa Dorada
871,Casa Esmeralda Hotel
411,Casa Estrella Valenciana Hotel Boutique
81,Casa Felix
565,Casa Flores
216,Casa Ganesh
533,Casa Gerardo
875,Casa Gubidxa
697,Casa Inn
873,Casa Joseph Zicatela
718,Casa Kai Conceptual Village and Lodgin
874,Casa Karina
185,Casa Kimberly
764,Casa Kush
3,Casa La Paz
773,Casa Lidia
382,Casa los Arquitos
675,Casa Los Cántaros Hotel Boutique
264,Casa Los Reyes Cerritos By Villas HK28
94,Casa Luca Condo
677,Casa Lucia Hotel Boutique
228,Casa Lum
781,Casa Macaw Playacar
27,Casa Malca
802,Casa Mar Suites
715,Casa Mar y Sol Playacar
183,Casa María Hostal
745,Casa Martha Progreso
789,Casa Maya
672,Casa Mazejuwi
876,Casa Melissa
369,Casa Mexicana
72,Casa Mexicana Cozumel
793,Casa Moises
713,Casa Mora Suites
524,Casa Nada Hotel
527,Casa Nina
525,Casa Oaxaca
520,Casa Pedro Loza
526,Casa Pepe - Hostal
737,Casa Pepe Puebla
711,Casa Piedra Ximajo
804,Casa playa de verano en chicxulub
95,Casa Prim Hotel Boutique
130,Casa Progreso 3
866,Casa RMA
898,Casa Roberto N
867,Casa San Ildefonso
880,Casa Santa Lucía
53,Casa Shaguibá
901,Casa Tanimisha
690,Casa Terracota
338,Casa TO
435,Casa Tobala
888,Casa Tortugas Boutique Hotel
174,Casa Vacacional Jalatlaco
210,Casa Velas Adult Only
893,Casa Vieja
896,Casa Violeta
897,Casa WO
51,Casa Xochimilco
362,Casa Xukum Hostel
879,Casa Yunenisa
902,Casa Zocalo
721,Casavieja
434,Casino Plaza Guadalajara
181,Casita Azul-Ha
751,Casita Colibri
99,Casita del Cielo
710,Casitas Maraika
344,Casona Alonso 10
684,Casona Puerto Escondido
714,Castillo Huatulco Hotel & Beach Club
712,Castillo Ximajo
716,Catalina Beach Resort
501,Catalonia Costa Mujeres All Suites & Spa
878,Catalonia Maroma
681,Catalonia Riviera Maya
96,Catalonia Royal Tulum Beach and Spa Resort
114,Catalonia Yucatán Beach
540,Ceiba del Mar Hotel Spa Resort
450,Celeste Beach Residences & Spa
447,Centro de convenciones
539,Chable Maroma
744,Chapul Inn Hotel and Suites
87,Che Playa Hostel & Bar
403,Chiringuito Tulum
307,Chuchumbé
343,Cid León Oaxaca
288,Cielito Lindo Suites
301,Cihuatlán
310,Cirque du Solei
257,City Centro Ciudad de México
188,City Centro Oaxaca
201,City Exprerss
139,City Express Campeche
67,City Express Cancún
881,City Express Chetumal
882,City Express Junior Merida Altabrisa
421,City Express Junior Puebla Angelópolis
131,City Express Junior Tuxtla Gutiérrez Poliforum
299,City Express Junior Veracruz Aeropuerto 
772,City Express Manzanillo
884,City Express Oaxaca
885,City Express Playa del Carmen
134,City Express Plus
214,City Express Plus Cabo San Lucas
699,City Express Plus Mérida
886,City Express Plus Mundo E
674,City Express Plus Santa Fe
676,City Express Plus Satélite
887,City Express Puebla Centro
55,City Express Suites Anzures
509,City Express Tlalnepantla
412,City Express Tuxtla Gutierrez
670,City Junior Cancún
889,City Plus Santa Fe
34,City Suites Santa Fe
227,Club del Sol Acapulco
731,Club Marbella
890,Club Med
12,Club Med Ixtapa Pacific
424,Club Regina Cancun
103,Club Verano Beat
202,Coco Beach Hostel
233,Coco Tulum Hotel
694,Cohiba Playa del Carmen
334,Collection O Hotel DC
550,Collection O Tecnohotel Casa Villamar
359,COMALA Bed & Breakfast
4,Comfort Inn Cancún Aeropuerto
470,Comfort Inn Cd de México Santa Fe
118,Comfort Inn Veracruz
725,Concierge Plaza Colima
892,Concierge Plaza La Villa
894,Condesa Americana Acapulco
554,Condo Casa del Árbol
578,Condo Cesar Gaviotas
730,Condo Dorada
576,Condo Gaviotas Golden by VILLAS HK28
543,Condo Hotel El Patio
37,Condo Hotel Los Girasoles
11,Condo Isla del Sol
417,Condo Lola
47,Condo Portofino
700,Condo San
691,Condo Tenerife
703,Condominio Marina
18,Condominio Orca - Emanuel C1
574,Condominio Torre Turquesa
128,Condominios Islas del Sol
383,Condominios Miramar
28,Condominios Orca C3
553,Condos Puntagaviota
224,Confort Inn
101,Conrad Punta de Mita
460,Copacabana Acapulco
459,Coral Blue Beach Condo
204,Coral Princess Hotel and Dive Resort
190,Corales Suites
282,Corales Suites
457,Coras Place Bacalar Lagoon
687,Corto Maltes Ocean Front Resort
49,Costa Club Punta Arenas
439,Costa De Oro Beach Hotel
126,Costa Del Mar
138,Costa Sur Resort & Spa
70,Country Club
326,Courtyard by Marriott Cancún
108,Courtyard By Marriott Merida Downtown
116,Courtyard Puebla Las Animas
510,Courtyard Puebla Las Animas
404,Cozumel Palace
297,Crown Paradise Club
511,Crown Paradise Club Puerto Vallarta
335,Crown Paradise Club Riviera Maya
278,Crown Paradise Golden Puerto Vallarta
741,Crowne Plaza Acapulco
61,Del Carmen Concept Hotel
25,Delta Hotels Marriott Riviera Nayarit
100,Deseo Hotel
534,DESEO Hotel and Lounge
195,Design Hotel MUMEDI
438,Desire Pearl
541,Desire Resort and Spa
212,Destiladeras
545,Diamante
452,Diamante K
180,Diamond Bay Boutique Resort
229,Diamond Bay Boutique Resort
803,Diosa del Agua Bacalar
522,Diverxo Hotel And Villas
523,Dolce Vita Caribe B&B
234,Dolphin Puerto Aventuras
413,Domingo Santo Hotel Boutique
272,Don Pelayo Pacific Beach
723,Dos Playas
399,DoubleTree by Hilton Guadalajara Centro Historico
251,DoubleTree by Hilton Hotel Mexico City Santa Fe
727,DoubleTree by Hilton Hotel Veracruz
584,DoubleTree by Hilton Mazatlan
200,Dreams Aventuras Riviera Maya
474,Dreams Bahia Mita Surf & Spa
420,Dreams Huatulco
476,Dreams Jade Resort & Spa
268,Dreams Los Cabos
776,Dreams Natura Resort & Spa
173,Dreams Playa Mujeres
538,Dreams Riviera Cancun Resort and Spa
429,Dreams Sands Cancun Resort & Spa
83,Dreams Sapphire Resort & Spa
798,Dreams Tulum Resort and Spa
209,Dreams Villamagna Nuevo Vallarta
573,Dreams Vista Cancun Resort & SPA
588,Dune Boutique Hotel Tulum
590,Eclipse Playa Del Carmen
572,Eco Cabañas BlueKay
589,Ecological Hotel Maya Luna
517,Ecoturismo Yax-ha By Rotamundos
516,Edelmira Hotel Boutique
320,Egipcio Hotel Boutique
84,El Acuario Hotel
252,El Andariego Hotel
5,El Callejón Hotel Boutique
115,El Campanario Hotel
444,El Cano
472,El Cantil Condominiums
903,El Careyes Beach
222,El Careyes Club and Residences
739,El Cid Castilla Beach Hotel
313,El Cid El Moro Beach Hotel
102,El Cid Granada
13,El Cid La Ceiba Cozumel Hotel de Playa
39,El Cielo Winery & Resort
503,El Cipres
230,El Cozumeleño Beach Resort
567,El Dorado Casitas Royale
661,El Dorado Maroma
23,El Dorado Maroma Palafitos
211,El Dorado Royale
41,El Dorado Seaside Palms
184,El Dorado Seaside Suites
219,El Encanto Inn
568,El Español Paseo de Montejo
203,El Faro Boutique Hotel
192,El Faro By Royal Properties
518,El Fuerte Beach Resort
218,El Ganzo
273,El Ganzo
752,El Hotelito de las Estrellas
98,El Hotelito Mahahual
536,El Marques
88,El Marques Hacienda Hotel
449,El Mesón de los Poetas
436,El Navegante
743,El Palacito Secreto
231,El Pescador Hotel
514,El Pez Hotel Tulum
92,El Pirata
363,El Porvenir
583,El Presidente Acapulco
240,El Punto
686,El Rey Del Caribe
431,El Rincon de Doña Bety
110,El Sauzal
728,El tamarindo Beach & Golf Resort
432,El Tamarindo Beach and Golf Resort
330,El Tigre
316,El Tukan Condotel Suites & Beach Club
394,Emerald Condominios
294,Emerald RESIDENTIAL TOWER & SPA
45,Emperador Vallarta Beachfront Hotel and Suites
688,Emporio Acapulco
704,Emporio Hotel & Suites Cancún
756,Emporio Mazatlán
557,Emporio Veracruz Hotel
664,EMS Regional
409,Encantada Condo
549,Encantada Tulum
73,Encanto Oaxaqueño
140,Ensenada Centro
696,Era Hotel & SPA Tulum
371,Esperanza an Auberge Resort
113,Esperanza Resort
418,Estudio Liz
442,Estudio Playa Mujeres
31,Eurostars Hacienda Vista Real
720,Excellence Playa Mujeres
563,Excellence Riviera Cancún
433,Extended Suites Cancún Cumbres
746,Extended Suites Merida Siglo XXI
685,Fairfield Inn & Suites by Marriott Cancun Airport
91,Fairfield Inn & Suites by Marriott Cancun Downtown
585,Fairmont Acapulco Princess
582,Fairmont Mayakoba
93,Fairmont Pierre Marques
564,Fandango Huatulco
698,Feel at home in Oaxaca
801,Fénix Beds Hostel
755,Fenix Guadalajara
760,Ferry Dock
753,Ferry Dock
673,Fiesta Americana Cancún Villas
471,Fiesta Americana Condesa
215,Fiesta Americana Cozumel All Inclusive
587,Fiesta Americana Mérida
738,Fiesta Americana Mexico Satelite
454,Fiesta Americana Puerto Vallara All Inclusive Resort
199,Fiesta Americana Villas Acapulco
455,Fiesta Inn Cancún Las Américas
42,Fiesta Inn Chetumal
707,Fiesta Inn Colima
469,Fiesta Inn Ecatepec
542,Fiesta Inn Naucalpan
445,Fiesta Inn Playa del Carmen
484,Fiesta Inn Puerto Vallarta Isla
665,Fiesta Inn Tuxtla
491,Fiesta Inn Tuxtla Fashion Mall
689,Fiesta Inn Veracruz Malecon
346,Finest Playa Mujeres
504,Flamboyant
546,Flamingo
759,Flamingo Cancún Resort
757,Flamingos Inn
466,FlowSuites Polanco
24,Fontan Hotel
702,For Season Hotel
571,Four Points by Sheraton
249,Four Seasons Resort Los Cabos at Costa Palmas
569,Four Seasons Resort Punta Mita
121,Francisco Zarco
679,Frida Paradise Hotel
570,Friendly Fun Vallarta All Inclusive
494,Fusion Beach Hotel
680,Gamma by Fiesta inn Campeche Malecón
302,Gamma Campeche Malecón
407,Gamma Cancun Centro
258,Gamma Ciudad de Mexico Santa Fe
375,Gamma Guadalajara Centro Histórico
262,Gamma Mérida El Castellano
52,Garza Blanca
172,Garza Blanca Preserve Resort & Spa Puerto Vallarta
376,Garza Blanca Resort & Spa
255,Gaviana Resort
248,Generations Riviera Maya By Karisma
562,Golden Parnassus Resort and Spa
132,Golden Shores
64,GR Caribe by Solaris
246,GR Caribe Deluxe All Inclusive Resort
872,Gr Solaris Cancún
182,Gran Bahía Príncipe Akumal
62,Gran Bahía Príncipe Cobá
722,Gran Bahía Principe Residences
521,Gran Bahía Príncipe Tulum
682,Gran Caribe Real Resort and Spa
660,Gran Festivall All Inclusive Resort
296,Gran Fiesta Americana
419,Gran Hotel Ciudad De México
,Gran Hotel Diligencias
904,Gran Hotel Galerias Plaza
905,Gran Hotel Huatulco
906,Gran Hotel Los Reyes
907,Gran Hotel Merida
908,Gran Melia Cancun
909,Gran Puerto
910,Grana Hotel & Suites
911,Grand City Hotel
912,Grand Fiesta Americana Coral Beach Cancún
913,Grand Fiesta Americana Oaxaca
914,Grand Fifty Suites
915,Grand Guadalupe by Inmense
916,Grand Hotel Acapulco
917,Grand Hotel Plaza Veracruz 
918,Grand Hyatt Playa del Carmen Resort
919,Grand Isla Navidad Resort
920,Grand Luxxe Residence Club Beach
921,Grand Matlali Hills Resort & Spa Natural Experiences
922,Grand Oasis Cancún
923,Grand Oasis Palm
924,Grand Oasis Tulum
925,Grand Oasis Viva
926,Grand Palladium Colonial
927,Grand Palladium Costa Mujeres Resort & Spa
928,Grand Palladium Kanthena
929,Grand Palladium Riviera
931,Grand Palladium Vallarta Resort & Spa
,Grand Palladium White Sands
932,Grand Park Royal Cancún Caribe
,Grand Park Royal Cozumel
933,Grand Park Royal Puerto Vallarta
934,Grand Residences Riviera Cancun
935,Grand Riviera Princess
936,Grand Sirenis Riviera
937,Grand Sirenis Sunset
938,Grand Solmar
939,Grand Sunset Princess
940,Grand Velas
,Grand Velas Resort
941,Grand Velas Riviera Nayarit
,Great Parnassus All Inclusive Resort and Spa
943,Green Tulum
,Grupo Lomas Travel
944,Guacamundo Lifestyle Hostel
946,Guayaba Inn
947,Guidos
948,H10 Ocean Maya
949,H10 Ocean Riviera Paradise
950,Habitas Tulum
951,Hacienda Beach Club and Residences
952,Hacienda de los Laureles
953,Hacienda Del Carmen
954,Hacienda del Mar Los Cabos Resort Villas
955,Hacienda Encantada
956,Hacienda Maria Bonita
,Hacienda Maria Eugenia
957,Hacienda Morelos
958,Hacienda Paradise
,"Hacienda Puerta Campeche,a Luxury Collection Hotel"
959,Hacienda Real del Caribe Hotel
960,Hacienda San Angel
961,Hacienda San Miguel
962,Hacienda San Pancho Hotel y Villas
963,Hacienda Santa María de Batzan
964,Hacienda Tres Ríos
965,Hampton Inn and Suites By Hilton Ciudad de México Centro Historico
966,Hampton Inn By Hilton Cancun Cumbres
967,Happy Express Hotel
968,Hard Rock Hotel
969,Hard Rock Hotel Cancun
970,Hard Rock Hotel Riviera Maya
971,Hard Rock Hotel Vallarta
972,HauSuites Santa Fe
973,Haven Riviera Cancún
974,Hawaii Hotel
975,Healing House Loft
976,Heaven at Hard Rock Hotel Riviera Maya
977,Hidden Beach Resort
978,Hideaway at Royalton
,Hierba de Conejo - Hostel
979,"Hilton Cancun, an All-Inclusive Resort"
980,Hilton Garden Inn
981,Hilton Garden Inn Mexico City Santa Fe
982,Hilton Los Cabos Beach and Golf Resort
983,Hilton Mexico City Reforma
984,Hilton Mexico City Santa Fe
985,Hilton Playa del Carmen
986,Hilton Puerto Vallarta Resort
987,Hilton Tulum Riviera Maya All - Inclusive Resort
988,Hilton Vallarta Riviera All-Inclusive Resort
989,Hip Hotel Tulum
990,Historico Central
991,HM Playa del carmen
1005,Hnos. Aguilar
1006,Holiday Inn Campeche
1007,Holiday Inn Centro Historico
1008,Holiday Inn Express
1009,Holiday Inn Express Cabo San Lucas
1010,Holiday Inn Express Merida Centro
1011,Holiday Inn Express Mexico - Toreo
1012,Holiday Inn Express Oaxaca-Centro Historico
1013,Holiday Inn Express Playacar Riviera Maya
1016,Holiday Inn Express Puebla
1036,Holiday Inn Express Tuxtla Gutierrez
1037,"Holiday Inn Guadalajara Expo, an IHG Hotel"
1038,Holiday Inn Hotel & Suites Guadalajara-Centro Historico
1039,Holiday Inn Huatulco
1057,Holiday Inn La Isla
1058,Holiday Inn Merida Mexico
1059,Holiday Inn México Santa Fe
1060,Holiday Inn Puebla la Noria
1061,Holiday Inn Resort
1062,Holiday Inn Resort
1063,Holiday Inn Resort Ixtapa All - Inclusive
1064,Holiday Inn Resort Mazatlan
1065,Holiday Inn Tuxtla Gutierrez
1066,Hospedaje Donají
1067,HOSPEDARTE CENTRO
1068,Hospedería La Reja
1069,Hospiten Cancún
1070,Hostal and Suites Pata de Perro Bacalar
1071,Hostal Azul y Blanco
1073,Hostal Bohemia
1074,Hostal Casa MX Alameda
1075,Hostal Casa MX Centro
1076,Hostal Central - Hostel
1077,Hostal Chocolate
1078,Hostal de La Noria
1079,Hostal de Maria
1080,Hostal Del Barrio
1081,Hostal Dos Lunas
1082,Hostal Eclipse Oaxaca - Hostel
1083,Hostal Hacienda Apulco
1084,Hostal La Joya de Jesus
1085,Hostal las Americas
1086,HOSTAL POCHON
1087,Hostal Punta Paraiso
1088,Hostal San Pueblo
1089,Hostal Yolotl
1090,Hostel Alcalá
1091,Hostel Amigo
1092,Hostel Balagan
1093,Hostel Don Nino
1094,Hostel Inn Cancun
1095,Hostel Morenita Linda
1096,Hostel Mundo Joven Catedral
1097,Hostería del Frayle
1098,Hotel : The Fives Oceanfront Puerto Morelos
1099,Hotel & Suites Domani
1100,Hotel & Villas Gran Via
1101,Hotel 1988 Guanajuato
1102,Hotel Abadía Plaza
1103,Hotel Abasolo
1104,Hotel Abastos Plaza
1106,Hotel Abu
1107,Hotel Aca Sol y Mar
1108,Hotel Acapulco
1109,Hotel Acapulco Turquesa
1110,Hotel Acuario
1112,Hotel Acuario de Veracruz
1113,Hotel Aitana
1114,Hotel Akumal Caribe
1115,Hotel Albatros
1116,Hotel Alberto
1117,Hotel Alcazar
1118,Hotel Aldea Del Bazar
1119,Hotel Alhambra
1120,Hotel Alikar Huatulco
1121,Hotel Alma de Oaxaca
1122,Hotel Alteza Polanco
1123,Hotel Alteza Polanco
1124,Hotel Ambassador Merida
1125,Hotel America
1126,Hotel Amigo Suites
1127,Hotel Amparo
1128,Hotel Ana Isabel
1129,Hotel and Spa Sol y Luna
1130,Hotel and Suites Oasis Bacalar
1131,Hotel And Suites Oasis Bacalar La Cabaña
1132,Hotel Andiroba Palace
1133,Hotel Angel Inn
1134,Hotel Antas
1135,Hotel Antigua Curtiduria
1137,Hotel Antiguo Fortín
1138,Hotel Antillano Cancún
1139,Hotel Anturium
1140,Hotel Ánuá
1141,Hotel Aranzazú Eco
1142,Hotel Arcoiris
1143,Hotel Arenas del Pacífico
1144,Hotel Arisa Oaxaca
1145,Hotel Arrecife
1146,Hotel Arrecife Plus
1147,Hotel Aspen
1148,Hotel Aspira
1149,HOTEL ASTUR
1150,Hotel Astur - Adults Only
1151,Hotel Atlantico
1152,Hotel Aurora
1153,Hotel Aurora
1154,Hotel Avenida
1155,Hotel Avenida
1156,Hotel Azores
1157,Hotel Azucena
1158,Hotel Azul Oaxaca
1159,Hotel B Cozumel
1160,Hotel B Nayar
1161,Hotel Bahía Huatulco
1162,Hotel Balboa Towers
1163,Hotel Balcon Gueela
1164,Hotel Baluarte
1165,Hotel Baluartes
1166,Hotel Bambu
1167,Hotel Banus
1168,Hotel Barranquilla
1169,Hotel Barrio Latino Playa Del Carmen
1170,Hotel Basico
1171,Hotel Batab Cancún
1172,Hotel Bo
1173,Hotel Bosque Caribe
1174,Hotel Boutique Casa Abuela María
1175,Hotel Boutique Casa Blanca del Sol
1176,Hotel Boutique Casa Garay
1177,Hotel Boutique Casa los Cantaros
1178,Hotel Boutique Casa San Angel
1179,Hotel Boutique Eden Costa
1180,Hotel Boutique Hacienda del Gobernador
1181,Hotel Boutique Kan Ahau
1182,Hotel Boutique La Casona by Kavia
1183,Hotel Boutique La Casona Colorada
1184,Hotel Boutique La Morena
1185,Hotel Boutique La Toja Campeche
1186,Hotel Boutique Parador San Miguel Oaxaca
1187,Hotel Boutique Ponciano
1188,Hotel Boutique Real San Juan Center
1189,Hotel Brisa del Mar Campeche
1190,Hotel Buenavista Bacalar
1191,Hotel Cabo Blanco
1192,Hotel Cabo Blanco Hotel y Marina
1193,Hotel Calenda
1194,Hotel Camaleón
1195,Hotel Camba
1196,Hotel Camino de Piedra
1197,Hotel Canada
1198,Hotel Candilejas Playa
1199,Hotel Cantera Real
1200,Hotel Capri de Leon
1201,Hotel Careyes Puerto Escondido
1202,Hotel Caribbean Paradise
1203,Hotel Caribbean Paradise Boutique & Dive Center
1204,Hotel Caribe
1205,Hotel Caribe Internacional
1206,Hotel Casa Antica
1207,Hotel Casa Antigua
1208,Hotel Casa Azul
1209,Hotel Casa Blanca
1210,Hotel Casa Blanca del Sol Tangolunda
1212,Hotel Casa Carmen Morelos Oaxaca
1213,Hotel Casa Conzatti
1214,Hotel Casa Culhuac Tu casa en mexico
1215,Hotel Casa de la Tía Tere
1216,Hotel Casa de las Flores Playa del Carmen
1217,Hotel Casa del Balam
1218,Hotel Casa del Mar
1219,Hotel Casa del Sol
1220,Hotel Casa del Sótano
1221,Hotel Casa Diana
1222,Hotel Casa Divina
1223,Hotel Casa Guivá
1224,Hotel Casa Iguana Mismaloya
1225,Hotel Casa La Galería
1226,Hotel Casa Mia - Adults Only
1227,Hotel Casa Rivas Culture and SPA
1228,Hotel Casa San Pancho
1229,Hotel Casa Santo Tomas
1230,Hotel Casa Ticul
1231,Hotel Casa Turquesa
1232,Hotel Casa Valop
1233,Hotel Casa Vértiz
1234,Hotel Casa Virreyes
1235,Hotel Casa Xuul Tulum
1236,Hotel Casablanca
1237,Hotel Casino Plaza
1238,Hotel Castilla y Leon
1239,Hotel Castillo Santa Cecilia
1240,Hotel Castropol
1241,Hotel Catedral
1242,Hotel Catedral Campeche
1243,Hotel Cazomalli
1248,Hotel Central Veracruz
1251,Hotel Ceo Group Malecon
1252,Hotel Cervantes
1253,Hotel Chablé Yucatán
1254,Hotel Chocolate
1255,Hotel Chocolate Suites
1256,Hotel Cielo
1257,Hotel City Express Campeche Oficial
1258,Hotel Club Playamar
1259,Hotel Club Yebo
1260,Hotel Coacalco
1261,Hotel Coco Rio
1262,Hotel Colina Dorada
1263,Hotel Colón Express
1264,Hotel Colonial
1265,Hotel Colonial
1268,Hotel Colonial
1269,Hotel con Corazón
1270,Hotel Concha Dorada
1271,Hotel Corazon Mexicano
1272,Hotel Costa Azul
1273,HOTEL COSTA BRAVA
1274,Hotel Costa Club
1275,Hotel Costa Verde
1276,Hotel Costamar
1277,Hotel Coyula Huatulco
1278,Hotel Cozumel and Resort
1279,Hotel Cruzanta
1280,Hotel D Abril
1282,Hotel Dali Ejecutivo
1283,Hotel DC Boutique & Spa
1285,Hotel De La Parra
1286,Hotel De Mendoza
1287,Hotel Debliz
1288,Hotel del Angel
1289,Hotel del Arte y Figura
1290,Hotel del Carmen
1291,Hotel Del Gobernador
1292,Hotel del Marquesado
1293,Hotel del Parque
1294,Hotel del Paseo Campeche
1296,Hotel Del Peregrino
1297,Hotel Del Peregrino
1298,Hotel Del Portal
1299,Hotel del Sol
1300,Hotel Del Valle
1301,Hotel Delfines
1302,Hotel Delfines
1303,Hotel Diamante Cabo San Lucas
1304,Hotel Diamante k
1305,Hotel Diana Único
1306,Hotel Diligencias
1308,Hotel Don Candido
1309,Hotel Don Quijote Plaza
1310,Hotel Dos Ceibas Eco Retreat Tulum
1311,Hotel Dos Naciones
1312,Hotel Dos Playas Faranda Cancún
1313,Hotel Economico Mallorca
1314,Hotel El Faro Veracruz
1315,Hotel El Fuerte
1316,Hotel El Marques
1317,Hotel El Mirador
1318,Hotel El Navegante
1319,Hotel El Salvador
1320,Hotel El Sombrero Suites
1321,Hotel El Tucan
1322,Hotel Embajadores
1323,Hotel Emporio Ixtapa
1324,Hotel en Playa del Carmen
1325,Hotel en Puerto Juarez
1326,Hotel en Puerto Morelos
1327,Hotel en Tulum
1328,Hotel en Zona Hotelera de Cancún
1329,Hotel Escondido Oaxaca
1330,Hotel Esencia
1332,Hotel Esmeraldas
1333,Hotel Esperanza
1334,Hotel Estadio
1335,Hotel Eurostars Hacienda Vista Real
1336,Hotel Ex-Hacienda San Xavier
1337,Hotel Faddey
1338,Hotel Fenix
1339,Hotel Fiesta Veracruz
1340,Hotel Finca Collado
1341,Hotel First Inn Texcoco
1342,Hotel Flamingo
1343,Hotel Flamingos
1344,Hotel Fortín Plaza
1345,Hotel Frances
1346,Hotel Francis Drake
1347,Hotel Gala
1348,Hotel Gala
1349,Hotel Gala Oaxaca
1350,Hotel Galería del Ángel
1351,Hotel Galerias Plaza
1352,Hotel Gaudi
1353,Hotel Gavina Beach
1354,Hotel Gillow
1355,Hotel Gota de Sal
1356,Hotel Gran Casa Xalisco
1357,Hotel Gran Juquila Huatulco
1358,Hotel Gran Via
1359,Hotel Granada
1360,Hotel Grand Guanajuato
1361,Hotel Grand Marlon
1362,Hotel Grand Royal Lagoon
1363,Hotel Guaranducha Inn
1364,Hotel Guivá Huatulco
1365,Hotel Habana
1366,Hotel Hacienda Campestre
1367,Hotel Hacienda de Castilla
1368,Hotel Hacienda del Caribe
1369,Hotel Hacienda Inn Aeropuerto
1370,Hotel Hacienda la Noria
1371,Hotel Hacienda Los Laureles - Spa
1372,Hotel Hacienda Merida
1373,Hotel Hacienda VIP
1374,Hotel Handall
1375,Hotel Harbour Inn Veracruz
1376,Hotel Huatulco Maxico
1377,Hotel Huatulco Maxico
1378,Hotel Huautla
1379,Hotel Hulku
1380,Hotel ibis Cancun Centro
1381,Hotel Ibis Merida
1382,Hotel ibis México Perinorte
1383,Hotel Impala
1384,Hotel Imperial
1385,Hotel Independencia
1387,Hotel Isabel
1388,Hotel Isabel Campeche
1389,Hotel Isabel I
1390,Hotel Isla de Sacrificio
1391,Hotel Itto
1392,Hotel Jaiba Mahahual
1393,Hotel Jar8
1394,Hotel Jardín
1395,Hotel Jardines del Carmen
1396,Hotel Jaroje Centro
1397,Hotel Jaroje Chahue
1398,Hotel JF Grand Puebla
1399,Hotel Jimenez
1400,Hotel Jorge Alejandro
1401,Hotel Juliet
1402,Hotel Kabii
1403,Hotel Karenina
1404,Hotel Keyri
1405,Hotel Kin Ha Pueblo
1406,Hotel Krystal Urban Cancun
1407,Hotel La Abadia Tradicional
1408,Hotel La Casa de Adobe
1409,Hotel La Cascada Oaxaca
1410,Hotel La Casona del Llano
1411,Hotel La Hacienda
1412,Hotel La Paz
1413,Hotel La Provincia
1414,Hotel La Punta Rooms
1415,Hotel La Rotonda
1416,Hotel La Sirena
1417,Hotel La Sirenita
1418,Hotel Lagoon
1419,Hotel Laguna Bacalar
1420,Hotel Laguna Suites
1421,Hotel Las Hadas
1422,Hotel Las Ventanas
1423,Hotel Latino
1424,Hotel Lavanda CAS
1425,Hotel Leon
1426,Hotel López Campeche
1427,Hotel Los Aluxes
1428,Hotel Los Ángeles Locos
1429,Hotel Los Arcos
1431,Hotel Los Olivos Spa
1432,Hotel Luna
1433,Hotel LunaSol
1434,Hotel Lunata
1436,Hotel Madrid
1437,Hotel Madrid
1438,Hotel Magic Express Playa del Carmen
1439,Hotel Makarios
1440,Hotel Mandarín Cárton
1441,Hotel Mansión del Cantador
1442,Hotel Mansión del Valle
1443,Hotel Mar
1444,Hotel Mar y Tierra
1445,Hotel Maraica San Pancho
1446,Hotel Marbella
1447,Hotel Margaritas
1448,Hotel Margaritas Cancun
1449,Hotel Maria Candelaria
1450,Hotel María de Lourdes
1451,Hotel Maria del Carmen Merida
1452,Hotel Maria del Rocio
1453,Hotel Maria Isabel Campeche
1454,Hotel Maria Isabel Colima
1455,Hotel Maria Mixteca
1456,Hotel Marina Campeche
1458,Hotel Marina El Cid Spa & Beach Resort Riviera Maya
1459,Hotel Marina Resort
1460,Hotel Marina Resort Huatulco
1461,Hotel Marionetas
1462,Hotel Maritimo
1463,Hotel Marlon
1464,Hotel Maro
1465,Hotel Marqués del Peñon
1466,Hotel Maya Ah Kim Pech
1467,Hotel Maya Ah Kim Pech de la 59
1468,Hotel Maya Campeche
1469,Hotel Maya Caribe Faranda Cancún
1470,Hotel Maya del Carmen
1471,Hotel Maya Suites By LHMG
1472,Hotel Maya Yucatán
1473,Hotel Mayan Palace
1474,Hotel Meicer Palmier Huatulco
1475,Hotel Merida
1476,Hotel Merida
1477,Hotel Mesón Cuévano
1478,Hotel Meson del Mar
1479,Hotel Mesón del Rosario
1480,Hotel Metropolitan
1481,Hotel México Plaza Guanajuato
1482,Hotel Mio Vallarta
1483,Hotel Miramar
1484,Hotel Misión Colima
1485,Hotel Misión Grand Casa Colorada
1486,Hotel Misión Guanajuato
1487,Hotel Misión Mares Huatulco
1488,Hotel Misión Mazatlan
1489,Hotel Mision Toreo Centro de Convenciones
1490,Hotel Molcas
1491,Hotel Molino Del Rey
1492,Hotel Monaco
1493,Hotel Montejo
1494,Hotel Morales Historical & Colonial Downtown Core
1495,Hotel Mousai Puerto Vallarta
1496,Hotel Múcara
1497,Hotel MX Centro
1498,Hotel MX Zócalo
1499,Hotel Nachancan
1500,Hotel Nautico Inn
1501,Hotel Nayar
1502,Hotel NH Cancun Airport
1503,Hotel NH Mexico City Valle Dorado
1504,Hotel NH Puebla Finsa
1505,Hotel Nicte Ha
1506,Hotel Nilo
1507,Hotel Nina
1508,Hotel Niza
1509,Hotel Novotel Mexico City Santa Fe
1510,Hotel NS
1511,Hotel Nueva Galicia
1512,Hotel Nueva York
1513,Hotel Oaxaca Real
1514,Hotel Occidental
1515,Hotel Oriente
1516,Hotel Oxtankah
1517,Hotel Pachamama
1518,Hotel Palace
1519,Hotel Palace Inn
1520,Hotel Palacio Maya
1521,Hotel Palapa Palace
1522,Hotel Panamera
1523,Hotel Panamerican
1524,Hotel Papagayo
1525,Hotel Parador
1526,Hotel Parador de Alcalá Oaxaca
1527,Hotel Paraiso Escondido
1528,Hotel Paris
1529,Hotel Parque Centro
1530,Hotel Parque Marimba
1531,Hotel Patria
1532,Hotel Peix Sayulita
1533,Hotel Pier Bacalar
1534,Hotel Platinum Yucatán Princess All Suites & Resort
1535,Hotel Playa
1536,Hotel Playa del Parque By Rotamundos
1537,Hotel Playa del Sol
1538,Hotel Playa Linda
1539,Hotel Playa Mazatlán
1540,Hotel Playa Santa Cruz
1541,Hotel Plaza Amalia
1542,Hotel Plaza Campeche
1543,Hotel Plaza Caribe
1544,Hotel Plaza Centro Histórico
1545,Hotel Plaza Colonial
1546,Hotel Plaza Conejo
1547,Hotel Plaza Delphinus
1548,Hotel Plaza Huatulco
1549,Hotel Plaza Huatulco Bungalows
1550,Hotel Plaza Magnolias
1551,Hotel Plaza Mirador
1552,Hotel Plaza Playa
1553,Hotel Plaza San Rafael
1554,Hotel Plaza Tangolunda
1555,Hotel Plaza Tangolunda
1556,Hotel Polanco
1557,Hotel Polanco
1558,Hotel Porto Alegre Guadalajara
1559,Hotel Porto Novo
1560,Hotel Portobelo
1561,Hotel Portonovo Plaza Centro
1562,Hotel Portonovo Plaza Malecón
1563,Hotel Posada 06 Tulum
1564,Hotel Posada de La Condesa
1565,Hotel Posada del Carmen
1566,Hotel Posada Doña Rubino 
1567,HOTEL POSADA GUADALUPE
1569,Hotel Posada JOIS
1570,Hotel Posada Mision del Mar
1571,Hotel Posada Regis de Guadalajara
1572,Hotel Posada San Juan
1573,Hotel Posada San Pablo
1574,Hotel Posada Santa Fe
1575,Hotel Princess Zihua
1576,Hotel Principal
1577,Hotel Principal
1578,Hotel Principe
1579,Hotel Puerto Inn
1580,Hotel Punta Serena
1581,Hotel Punta Serena
1582,Hotel Quijote Inn
1583,Hotel Quinta Chiapas
1584,Hotel Quinta Progreso
1585,Hotel RC Plaza Liberación
1586,Hotel Real Azteca
1587,Hotel Real de Castilla
1588,Hotel Real de la Palma
1589,Hotel Real de Leyendas
1590,Hotel Real de Leyendas
1591,Hotel Real de Minas Guanajuato
1592,Hotel Real del Mar
1593,Hotel Real GDL
1596,Hotel Real Maestranza
1597,Hotel Residencial
1598,Hotel Rias
1599,Hotel Ripoll Veracruz
1600,Hotel Ritz Mexico City
1601,Hotel Riu Emerald Bay
1602,Hotel Rivemar
1603,Hotel Riviera Caribe Maya
1604,Hotel Roble
1605,Hotel Rockaway
1606,Hotel Rolovi
1607,Hotel Roma Guadalajara
1609,Hotel Rosa del Alba
1610,Hotel Rosita
1611,Hotel Royalty
1612,Hotel RS Suites
1613,Hotel San Blas
1614,Hotel San Diego
1615,Hotel San Francisco Centro Historico
1616,Hotel San Juan Mérida
1617,Hotel San Lorenzo
1618,Hotel San Marcos
1619,Hotel San Martin
1620,Hotel San Miguel
1621,Hotel San Pedro Puebla
1622,Hotel San Vicente
1624,Hotel San Vicente
1625,Hotel Santa Ana
1626,Hotel Santa Bertha
1627,Hotel Santa Cruz
1628,Hotel Santa Cruz Huatulco
1629,Hotel Santa Cruz Huatulco
1630,Hotel Santa Fe
1631,Hotel Santa Fe
1632,Hotel Santa Lucía
1633,Hotel Santa Maria
1634,Hotel Santa Regina
1635,Hotel Santander
1636,Hotel Santiago
1637,Hotel Santiago de Compostela
1638,Hotel Santillana
1640,Hotel Select Inn Quinta Playa del Carmen
1641,Hotel Señorial Platino
1642,Hotel Serena Centro
1643,Hotel Shaddai by LHMG
1644,Hotel Sharidia
1645,Hotel Singular Goldsmith
1646,Hotel Singular Sócrates
1647,Hotel Soberanis Cancún
1648,Hotel Sol Posada
1649,Hotel Solamar Inn
1650,Hotel Sombra del Agua
1651,Hotel Sonora
1652,Hotel St. Martin Boutique Hotel
1653,Hotel Suite Las Valkirias
1654,Hotel Suites Aligheri
1655,Hotel Suites Arges
1656,Hotel Suites Fairway 4
1657,Hotel Suites Garza Blanca
1658,Hotel Suites Jazmin
1659,Hotel Suites La Hacienda
1660,Hotel Suites Villasol
1661,Hotel Surf Olas Altas
1662,Hotel terra caribe
1663,Hotel Tesoro Ixtapa
1664,Hotel Trianon
1665,Hotel Tropicana
1666,Hotel Turquesa Maya
1667,Hotel Ulúa
1668,Hotel Union
1669,Hotel Universo Guadalajara
1670,Hotel Urban 101
1671,Hotel Valle de México
1672,Hotel Venedik
1673,Hotel Victoria Mérida
1674,Hotel Victoria Oaxaca
1675,Hotel Villa Blanca Huatulco
1676,Hotel Villa Escondida
1677,Hotel Villa Escondida Campeche
1678,Hotel Villa Fontana
1679,Hotel Villa mercedes
1680,Hotel Villa Mexicana
1681,Hotel Villamar
1682,Hotel Villanueva
1683,Hotel Villas Coral
1684,Hotel Villas Punta Blanca
1685,Hotel Virginia
1686,Hotel Vista Caribe
1687,Hotel Vista Hermosa
1688,Hotel Wabi
1689,Hotel Xalapa
1690,Hotel Xcaret Arte
1691,Hotel Xcaret Mexico
1692,Hotel Xestal
1693,Hotel y Bungalows Acuario
1694,Hotel y Hostal Casa Risueño
1695,Hotel Y Restaurante Yaxactun
1696,Hotel y Villas Vento
1697,Hotel Ziami
1698,Hotel52 Playa Del Carmen
1699,Hotelito Casa Dionisio
1700,Hotelito Del Mar By Xperience Hotels
1701,Hotelito La Meme
1702,Hotetur Beach Paradise
1703,Howard Johnson Hotel Veracruz
1704,Howard Johnson Leon Avenida
1705,Hyatt Cancun Caribe
1706,Hyatt House Mexico City/Santa Fe
1707,Hyatt Place
1708,Hyatt Regency Merida Hotel
1709,Hyatt Regency Mexico City
1710,Hyatt Zilara
1711,Hyatt Ziva
1712,Hyatt Ziva Los Cabos
1713,Hyatt Ziva Puerto Vallarta
1714,Hyatt Ziva Riviera Cancun
1715,Hyatt Ziva Turquoize
1716,Iberostar Cancun
1717,Iberostar Cozumel
1718,Iberostar Grand Hotel Paraíso
1719,Iberostar Paraíso Beach
1720,Iberostar Paraiso Del Mar
1721,Iberostar Paraíso Lindo
1722,Iberostar Paraíso Maya
1723,Iberostar Quetzal
1724,Iberostar Selection Playa Mita
1725,Iberostar Tucan
1726,Ibis Mérida
1727,Ibis Styles Merida Galerias
1728,IBIS TLALNEPANTLA
1729,IGS Hostal Boutique
1730,Illusion Boutique Hotel
1731,Imperial Laguna Cancun
1732,Imperial las Perlas
1734,In Fashion Hotel & Spa
1735,Intercontinental Presidente Santa Fe Mexico
1736,Intima Resort
1737,Isla Esmeralda
1738,Isla Natura Beach Huatulco
1739,Isla Natura Beach Huatulco
1740,Isla Natura Beach Huatulco
1742,IT Hotel & Residences
1746,J.W. Marriott
1747,Jade Tulum
1748,Jashita Hotel & Pandano Cafè
1749,Javier Inn Suites
1750,JF Puebla
1751,JUUB at THE CENTER OAXACA
1752,JUUB at THE SOUL OF OAXACA
1753,JW Marriott Hotel Mexico City Santa Fe
1754,JW Marriott Los Cabos Beach Resort & Spa
1755,Kanan Tulum
1756,Kavia Cancun Hotel
1757,Khaban Bacalar Hotel Boutique
1758,Khaban Bacalar Private Villa
1759,Kin Casona de las 3 Marías Boutique Hotel
1760,Kin Mayab
1761,Kinbe Hotel
1762,KLR IT Hotel & Residences by Sercotel
1763,Koox City Garden Hotel
1764,Koox Downtown Family Boutique Hotel
1765,Koox Estudio 30 Condohotel
1766,Kore Tulum Retreat and Spa Resort
1767,Krsytal Ixtapa
1768,Krystal Beach
1769,Krystal Cancún
1770,Krystal Grand Cancun Resort & Spa Hotel
1771,Krystal Grand Los Cabos
1772,Krystal Grand Nuevo Vallarta
1773,Krystal Urban Aeropuerto Ciudad de México
1774,Krystal Vallarta
1775,La Aldea Zicatela
1776,La Armonía by Bunik
1777,La Bufadora
1778,La Casa de Garces
1779,La Casa de Mama
1780,La Casa Mia Leon
1781,La Casona de Don Lucas
1782,La Casona Real
1783,La Coccinella by TeAmoPlaya
1784,La Colección Hotel
1785,La Coral Beach House
1786,La Isla Huatulco Hotel & Beach Club
1787,La Leyenda Boutique Hotel Bunik
1788,La Loma Suites
1789,La Mansión del Sol
1790,La Merced Hotel
1791,La Misión de Fray Diego
1792,La Pasión Hotel Boutique
1793,La Playa Condo
1794,La Puntilla Condos
1795,La Quinta By Whindham Cancun
1796,La Quinta Inn & Suites
1797,La Tortuga Hotel & Spa
1798,La Valise Tulum
1799,La Valise Tulum
1800,La Zebra
1801,Lahia Condominios
1802,Las 7 Maraviilas
1803,Las Alamandas
1804,Las Alamandas Hotel
1805,Las Alcobas a Luxury Collection Hotel
1806,Las Anclas
1807,Las Brisas Acapulco
1808,Las Brisas Huatulco
1809,Las Brisas Ixtapa
1810,Las Caracolas Villas and Resort
1811,Las Dalias Inn
1812,Las Dunas Chahue
1813,Las Flores Beach Resort
1814,Las Gaviotas Hotel & Suites
1815,Las Golondrinas
1816,Las Palapas
1817,Las Palmas by the Sea
1818,Las Palmas Hotel
1819,Las Perlas Condo Hotel Playa del Carmen
1820,Las Posas
1821,Las Torres Gemelas
1822,Las Villas Akumal
1823,Le Blanc Resort
1824,Le Blanc Spa Resort
1826,Le Meridien
1827,Le Monde
1828,Le Reve Hotel & Spa
1829,Life Hotel
1830,Lithio Hotel
1831,Litibú
1832,Live Aqua Beach Resort Cancún
1833,Live Aqua Boutique Resort Playa del Carmen
1834,Live Aqua Urban Resort México City
1835,Loft Sabalo
1836,Los Aluxes Bacalar
1837,Los Angeles Locos de Tenacatita
1838,Los Arcos Suites
1839,Los depas de progreso
1840,Los Huachitos
1841,Los Picos Hotel & Suites
1842,Los Tules Resort
1843,Los Veneros Beachfront Residences
1844,Luna Magna
1845,Luna Palace Hotel and Suites
1846,Lya Beach House
1847,Madre Tierra Apartments
1848,Magic Blue Spa Boutique Hotel Playa del Carmen
1849,"Mahasand Suites, Hostel and Hotel"
1850,Mahekal Beach Resort
1851,Majestic Elegance Costa Mujeres
1852,Mansiones Cruz del Mar
1853,Mar Sereno Hotel & Suites
1854,Maralisa Hotel & Beach Club
1855,Maravilla Los Cabos
1856,Marea Beachfront Villas
1857,Marena Suites and Apartments
1865,Margarita Del Sol Costa Maya
1866,Margaritaville Island Reserve Riviera Maya
1867,Maria Eugenia
1868,Mariana Beach Hotel
1869,Marina Albatros
1872,Marina Chac Chi
1873,Marina Fiesta Resort
1874,Marina Las Jaibas
1875,Marina Park Plaza
1876,Marina Sol
1877,Marival Armony Luxury Resort and Suites
1878,Marival Distinct Luxury Residences
1879,Marival Emotions Resort & Suites
1880,Maroma Adventures
1881,Marquis
1882,Marriot Casa Magna
1883,Marriot Tuxtla Gutierrez
1884,Marriott Cancun Resort
1885,Mary Carmen
1886,Matan Ka an Hotel By Guruhotel
1887,Maya Becán
1888,Maya Caribe
1889,Maya Del Mar
1890,Maya Villa Condo Hotel & Beachclub
1891,Mayab Suites Hotel
1892,Mayambe Private Village
1893,Mayan Monkey Cancun
1894,Mayan Palace Marina
1895,Mayan Palace Vallarta
1896,Mayan Secret Hotel Boutique
1897,MBH Maya Bacalar
1898,MBH Maya Bacalar Hotel Boutique
1899,ME by Melia
1900,Me Cabo
1901,Me Cancún - Complete Me
1902,Melia Cozumel Golf & Beach Resort
1903,Mereva Tulum
1904,Mereva Tulum by Blue Sky
1905,Merida Santiago Hotel Boutique
1907,Mexican Resort
1908,Mezcalito Blue Hostel
1909,Mezzanine Hotel Tulum
1910,Mi Amor Hotel Tulum
1911,Mi Kasa Tu Kasa Bacalar by Nah Hotels
1912,Mia Bacalar Luxury Resort
1913,Mia Cancun Resort
1914,Mision Campeche
1915,Misión Guadalajara Carlton
1916,Misión Mérida Panamericana
1917,Moka Hotel
1918,Montage Resort
1919,Moon Gate
1920,Moon Palace
1921,Moon Palace Grand
1922,Moon Palace Nizuc
1923,Moon Palace Sunrise
1924,Morales
1925,Morales Històrico & Colonial
1926,Mosquito Beach
1927,Mosquito Blue Hotel & Spa
1928,Muelle Dreams Vista Cancun Resort & SPA
1929,Muelle Ferry Chiquilá
1930,Mundo Imperial Resort
1931,My Way Boutique Hotel Tulum
1932,MyPlace Donceles
1933,MyPlace Santo Domingo
1934,MyPlace Zócalo
1935,Nahil Condos Akumal
1936,NEST Tulum
1937,NH Collection Merida Paseo Montejo
1938,NH Collection Mexico Santa Fe
1939,NH Mexico City Centro Historico
1940,NH Riviera
1941,Nickelodeon Riviera Maya
1942,Nizuc Resort & Spa
1943,Noah Beach Hotel and Suites
1944,Nobu Resort
1945,Nômade
1946,Nonna Mia
1947,Nova Express
1948,Now Amber Puerto Vallarta Resort
1949,Now Emerald Cancun
1950,Now Natura Riviera Cancun
1951,Nû Hotel
1952,NYX Hotel Cancun
1953,Oasis América
1954,Oasis Cancún
1955,Oasis Palm Beach
1956,Oasis Playa
1957,Oasis Riviera Maya
1958,Oasis Smart
1960,Oasis Viva
1961,Oaxaca Dorado
1962,Oaxaca Guest Hotel
1963,Occidental Allegro Cozumel
1964,Occidental Costa Cancún
1965,Occidental Grand Cozumel
1966,Occidental Grand Xcaret
1967,Occidental Nuevo Vallarta
1968,Occidental Tucancún
1969,Ocean Breeze
1970,Ocean Breeze Boutique & Golf Riviera Maya
1971,Ocean Castle Sol Oriente
1972,Ocean Coral And Turquesa Todo Incluido Resort
1973,Ocean Dream
1974,Ocean Spa Hotel
1975,Ocean View Beach Hotel
1976,Ocean View Cancun Arenas
1977,Ocean View Hotel
1978,Oceano Palace Beach Hotel
1979,Óleo Cancun Playa All Inclusive Boutique Resort
1980,Olga Querida Hostal - Hostel
1981,Omni Cancún Hotel & Villas
1982,Omni Los Cabis
1983,Omni Puerto Aventura
1984,One
1985,One & Only Palmilla
1986,One Cancun Centro
1988,One Cuautitlán
1989,One Guadalajara Centro Histórico
1990,One Playa del Carmen
1991,One&Only Mandarina
1992,Ontico Urban Design Hotel
1993,Othelo Hotel Boutique Mexico
1994,OYO Hotel Arena Surf
1995,OYO Hotel Aura Del Sol
1996,OYO Hotel Betsua Vista Hermosa
1997,OYO Hotel Canada
1998,OYO Hotel Escalante
1999,OYO Hotel La Central
2000,OYO Hotel Las Dunas
2001,OYO Hotel Paradise
2002,OYO Hotel Posada Cortez
2003,OYO Hotel Posada Las Flores
2004,OYO Hotel Puesta de Sol
2005,OYO Hotel Rath
2006,OYO Hotel Vialmar
2007,Oyo Hotel Villa Hermosa
2008,OYO Villa Angeles
2009,Pa Beach Club By Guruhotel
2010,Pa Xa Mama Hotel Boutique
2011,Paamul Hotel Playa
2012,Pacific Palace Beach Tower Hotel
2013,Pacifica Aqua
2014,Pacifica Ixtapa
2015,Pacifica Resort Ixtapa
2016,Pal Mar Tulum
2017,"Palmaïa, The House of AïA"
2018,Palmar Hotel Tropical
2019,Palmera Suites
2020,Paloma Hotel
2021,Panama Jack Resorts Cancun All Inclusive Resort
2022,Panama Jack Resorts Playa del Carmen – All-Inclusive Resort
2023,Panoramic
2024,Papaya Playa Project
2025,Paradise Village Beach Resort and Spa
2026,Paradisus
2027,Paradisus Cancún
2028,Paradisus La Esmeralda
2029,Paradisus La Perla
2030,Paradisus Playa Mujeres
2031,Paradox Santa Fe
2032,Pargo s Hotel
2033,Park Royal Beach Cancún
2034,Park Royal Beach Huatulco
2035,Park Royal Beach Ixtapa
2036,Parque Xcaret
2037,Parque Xplor
2038,Paseo del Sol
2039,Pepita
2040,Perla Central Hotel
2041,Petit Lafitte Hotel
2042,Piedra de Agua Hotel Boutique
2043,Pinnacle Resorts
2044,Planet Hollywood Adult Scene Cancun
2045,Planet Hollywood Beach Resort Cancun
2046,Playa Arena
2047,Playa Azul  Golf  Inclusive
2048,Playa Bonita
2049,Playa del Carmen
2050,Playa del Carmen
2051,Playa del Carmen
2052,Playa del Carmen
2053,Playa del Carmen
2054,Playa del Carmen Hotel by H&A
2055,Playa del Karma
2056,Playa el Palmar
2057,Playa Encantada
2058,Playa Grande Resort
2059,Playa Los Arcos Hotel Beach Resort & Spa
2060,Playa Palms Hotel
2061,Playa Suites Acapulco
2062,Playacar Palace
2063,Plaza Cozumel
2064,Plaza Gallery Hotel & Boutique
2065,Plaza Pelicanos Club Beach Resort
2066,Plaza Pelicanos Grand Beach Resort
2067,Plaza Playacar
2068,Plaza Playcar
2069,Plaza San Cristóbal Inn
2070,Popol Vuh
2071,Porto Playa Condo Hotel and Beach Club
2072,"Portobello 1BR Puerto Aventuras, by KVR"
2073,Portonovo Plaza Centro Guadalajara
2074,Posada de Chencho
2075,Posada Don Mario
2076,Posada Hotel Punto Guadalajara
2077,Posada Mariposa Hotel Boutique
2078,Posada Michelle
2079,Posada Real
2080,Posada Real Ixtapa
2082,Posada Real Puerto Escondido
2083,Presidente Int
2084,Presidente Intercontinental Cancun
2085,Presidente InterContinental Guadalajara
2086,Presidente InterContinental Mexico City
2087,PriceTravel Holding
2088,Princess Mayev Hotel
2089,Progreso Beach Hotel
2090,Pueblito Escondido by Mistik
2091,Pueblito Luxury CondoHotel
2092,Pueblo Bonito Emerald Bay Resort & Spa
2093,Pueblo Bonito Emerald Bay Resort & Spa
2094,Pueblo Bonito Los Cabos
2095,Pueblo Bonito Montecristo
2096,Pueblo Bonito Pacifica
2097,Pueblo Bonito Rose
2098,Pueblo Bonito Sunset
2099,Puerta Zama Tulum
2100,Puerto Juárez Ferry Dock
2101,Puerto Morelos
2102,Puerto Morelos
2103,Puerto Nuevo
2104,Punta Bungalows
2105,Punta Estero
2106,Punta Gaviota
2107,Punta Zicatela Hotel
2108,Punto MX Hotel
2109,Pure Mareazul Beachfront
2110,Q Bay
2111,Quality Inn Mazatlan
2112,Quality Inn Tuxtla
2113,Qualton Club Ixtapa
2114,Quinta Carrizalillo
2115,Quinta Las Acacias
2116,Quinta Palmera Hotel Boutique
2118,Quinta Real Huatulco
2119,Quinta Real Oaxaca
2120,Quinta Real Puebla
2121,Quinto Sole by GuruHotel
2122,Radhoo Tulum
2123,Radisson Hacienda Cancún
2124,Ramada Cancun City
2125,Ramada Plaza Leon
2126,Ramada Resort Mazatlán
2127,Rancho Bonanza
2128,Rancho Encantado Eco Resort
2129,Real Avenida Hotel
2130,Real Bananas
2131,Real Inn Cancún
2132,Real Playa del Carmen
2133,Reflect Crystal Grand Cancun
2134,Reina Roja Hotel
2135,Renaissance Cancún Resort & Marina
2136,Residence Inn by Marriott Cancun Hotel Zone
2137,Residence Inn by Marriott Cancun Hotel Zone
2138,Residence Inn by Marriott Merida
2140,Residence L Heritage Royal Colonial By BlueBay
2141,Residencia Gorila
2142,Residencial Cumbres
2143,Retiro Maya Tulum Cabañas
2144,Ritz AutoHotel
2145,Ritz Carlton Cancun
2146,Riu Cancun
2147,Riu Caribe
2148,Riu Dunamar
2149,Riu Jalisco
2150,Riu Latino Costa Mujeres - All Inclusive Adults Only
2151,Riu Lupita
2152,Riu Palace
2153,Riu Palace Baja California
2154,Riu Palace Cabo San Lucas
2155,Riu Palace Costa Mujeres
2156,Riu Palace Kukulkan
2157,Riu Palace Las Americas
2158,Riu Palace Mexico
2159,Riu Palace Peninsula
2160,Riu Palace Riviera Maya
2161,Riu Playacar
2162,Riu Santa Fe
2163,Riu Tequila
2164,Riu Vallarta
2165,Riu Yucatán
2166,Riviera Del Sol
2167,Riviera Maya Suites
2168,Romano Palace
2169,Rosa del Viento
2170,Rosarito
2171,Rosas and Xocolate Boutique Hotel
2172,Rosewood Mayakoba
2173,Royal Beach V Beach Front
2174,Royal Decameron Complex
2175,Royal Decameron Los Cabos
2176,Royal Hideaway Playacar
2177,Royal playa del carmen
2178,Royal Porto Real
2179,Royal Resort
2180,Royal Solaris
2181,Royal Solaris Cancún
2182,Royal Sunset
2183,Royal Villas Resort
2184,Royalton Riviera Cancun
2185,Royalton Splash Riviera Cancun
2186,Royalton Suites Cancun
2187,Ruiz Milán Hotel
2188,Sahara Playa Del Carmen
2189,Salvia Cancún
2190,Samba Vallarta
2191,San Antonio de las Minas
2192,San Diego Tu Casa
2193,San Francisco Plaza Hotel
2194,Sandos Cancún Luxury Resort
2195,Sandos Caracol Eco Resort and Spa
2196,Sandos Finisterra
2197,Sandos Gala Playacar
2198,Sands Acapulco
2199,Santa Sirenia
2200,SC Hotel Playa del Carmen
2201,Scuba Club CZM
2202,Sea Adventure Resort and Waterpark
2203,Sea By C
2204,Sea Garden at Vidanta Nuevo Vallarta
2205,Seadust Cancun Family Resort
2206,Secrets Akumal Riviera Maya
2207,Secrets Aura
2208,Secrets Bahia Mita Surf & Spa
2209,Secrets Capri Riviera Cancún
2210,Secrets Huatulco Resort & Spa
2211,Secrets Huatulco Resort & Spa
2212,Secrets Maroma Beach Riviera Cancún
2213,Secrets Moxché Playa del Carmen
2214,Secrets Playa Mujeres
2215,Secrets Puerto Los Cabos
2216,Secrets Riviera Cancun Resort & Spa
2217,Secrets Silversands Riviera Cancún
2218,Secrets The Vine Cancún
2219,Secrets Vallarta Bay
2220,Selina Cancun Hotel Zone
2221,Selina Mexico City Downtown
2222,Selina Oaxaca
2224,Selina Playa del Carmen
2225,Selina Puerto Escondido
2226,Selina Sayulita
2227,Selina Shared Oaxaca.
2228,Senses Riviera Maya by Artisan
2229,Sensira Resort & Spa Riviera Maya
2230,Serenity Eco Luxury Tented Camp
2231,Sereno Art Hotel
2232,Shavanna Hotel Boutique
2233,Sheraton Buganvillas Resort
2234,Sheraton Grand Hacienda del Mar Los Cabos
2235,Siesta Fiesta Hotel PDC
2236,Sina Suites
2237,"Singular Joy, Residence Hotel"
2238,Sirena del Mar
2239,Six Hotel Guadalajara Degollado
2240,Sleep Inn Ciudad de México
2241,Sleep Inn Tuxtla Gutierrez
2242,SLS Hotel & Residences
2243,Soho Playa Hotel
2244,Sol Calbañas
2245,Sol de Occidente
2246,Solaz Los Cabos
2247,Solmar Resort Cabos San Lucas
2248,Solymar Cancún Beach and Resort
2249,Sotavento Hotel
2250,Stadía Suites Mexico City Santa Fe
2251,Star Palace Hotel
2252,StarBay Suites Resort
2253,Staybridge Suites Guadalajara Expo
2254,Suite 24 Hotel Boutique
2255,Suites & Hotel Punta Esmeralda
2256,Suites Bahía
2257,Suites Cancún Center
2258,Suites Colonial
2259,Suites de la Parra
2260,Suites Gaby
2261,Suites Galeon
2262,Suites Kepler
2263,Suites La Fragua
2264,Suites Las Flores Beach Resort
2265,Suites Las Nereidas
2266,Suites Malecon Cancun
2267,Suites Tulum
2268,Suites Xadani
2269,Suites Ximajo
2270,Suites Xiu
2271,Sun Palace
2272,Sunrise 42 Hotel
2273,Sunrock Hotel
2274,Sunscape Akumal Beach Resorts & Spa
2275,Sunscape Dorado Pacifico Ixtapa
2276,Sunscape Puerto Vallarta Resort & Spa
2277,Sunscape Sabor
2278,Sunscape Sabor Cozumel
2279,Sunset Fishermen Beach Resort
2280,Sunset Marina Resort & Yacht Club
2281,Sunset Marina Resorts & Yatch Club
2282,Sunset Point Resort
2284,Sunset Royal Beach Resort
2285,Technotel Beach San Benito
2286,Tecno Hotel Mérida Norte
2287,Tecnohotel Casa Villamar
2288,Tecnohotel Itzaes
2289,Templo Mayor
2290,Templo Mayor
2291,Temptation Resort Spa Cancún
2292,Terminal de Cruceros Punta Langosta Cozumel
2293,Terracota Corner Room
2294,Terrasol Beach Resort
2296,Tesoro Los Cabos
2297,Tesoro Manzanillo All Inclusive
2298,The Beach Tulum Hotel
2299,The Beloved Hotel Playa Mujeres
2300,The best place to enjoy Oaxaca
2301,The Cape
2302,The Carmen Hotel
2303,The Elements
2304,The Explorean Cozumel All Inclusive
2305,The Fives Beach Hotel & Residences
2306,The Fives Downtown Hotel & Residences
2307,The Grand Bliss at Vidanta Riviera Maya
2309,The Grand Mayan
2310,The Grand Mayan at Vidanta Riviera Maya
2311,The Hacienda at Hilton Puerto Vallarta
2312,The Inn At Mazatlan
2313,The Palm at Playa
2314,The Palms Resort of Mazatlan
2315,The Reef 28
2316,The Reef Coco Beach
2317,The Reef Playacar
2318,The Resort at Pedregal
2319,The Roof Backpackers Hostel
2320,The Royal Cancun
2321,The Royal Caribbean
2322,The Royal Haciendas Resort
2323,The Royal Islander
2324,The Royal Sands
2325,The Shore
2326,The Sian Ka an at Grand Tulum
2327,The St. Regis Punta Mita Resort
2328,The Tide Resort
2329,The Villas at Grand Residences
2330,The Westin Cozumel
2331,The Westin Resort
2332,The Westin Resort and Spa
2333,The Westin Santa Fe
2334,The Yellow Capsule
2335,The Yucatan Resort
2336,Thompson Beach House
2337,Thompson Playa del Carmen
2338,Thompson Zihuatanejo Beach Resort
2339,Torre Dorada Cancun
2340,Tower Bridge Hostel
2341,Tropical Casa Blanca Party Hotel
2342,TRS Coral Costa Mujeres
2343,TRS Yucatán by Palladium
2344,Tucan Hostel
2345,Tulúm
2346,"Umbral, Curio Collection by Hilton"
2347,Un sueno Valle de Huajes
2348,Unic Design Hotel
2349,Unico 20 87 Hotel Riviera Maya
2350,Universo
2351,Urbainn Hotel
2352,V10 Smart Hotels
2353,Valentín Imperial Maya
2354,Valle de Guadalupe
2355,Velas Vallarta Suites Resort All Inclusive
2356,Venados Inn
2357,Ventana del Mar
2358,Ventanas al Paraiso
2359,Ventus at Marina El Cid Spa & Beach Resort Cancún Riviera Maya
2360,Veracruz Centro Histórico
2361,Viceroy Los Cabos
2362,Viceroy Riviera Maya
2363,Vidanta Nuevo Vallarta
2364,Vidanta Resort
2365,View Mediterrando Suites Cancun
2366,Villa Alejandra Hotel Boutique
2367,Villa Angeles
2368,Villa Bellavista Huatulco
2369,Villa Casa del Mar
2370,Villa Casalet
2371,Villa del Arco
2372,Villa Del Mar Playa del Carmen
2373,Villa del Palmar
2374,Villa del Palmar Beach Resort and Spa
2375,Villa del Palmar Cancún Beach Resort and Spa
2376,Villa Del Palmar Flamingos Beach Resort and Spa
2377,Villa Eden
2378,Villa la Estancia
2379,Villa La Estancia Beach Resort & Spa Riviera Nayarit
2380,Villa la Joya
2381,Villa Lala Hotel Boutique
2382,Villa maroma
2383,"Villa Mercedes Merida, Curio Collection By Hilton"
2384,Villa Mozart y Macondo
2385,Villa Naiik en Siaan Kaan
2386,Villa Orquidea Boutique Hotel
2387,Villa Pájaro del Sol
2388,Villa Paraiso and Suites by LATAM Vacation Rentals
2389,Villa Pescadores
2390,Villa Premiere Boutique Hotel & Romantic Getaway
2391,Villa Tulum
2392,Villa Varadero Vallarta
2393,Villablanca Garden Beach Hotel
2394,Villamar Princesa Suites
2395,Villas & Resort Luz de Luna
2396,Villas Amanecer
2398,Villas Bakalar
2399,Villas Bambú Isa
2400,Villas Bayal
2401,Villas Caribe
2402,Villas del Sol
2403,Villas Fa-Sol
2404,Villas Fasol Huatulco
2405,Villas Flamingo
2406,Villas La Lupita
2407,Villas Luz de Luna
2408,Villas Maria Isabel
2409,Villas Marlin
2410,Villas Paraíso Huatulco
2411,Villas Paraiso Pool Side by Villas HK28
2412,Villas Tropical
2413,Villas Vallarta By Canto del Sol
2414,Villas Xtacay Playacar
2415,Villas Yessenia
2416,Vintage Hotel
2417,Vista del Mar Boutique Hotel
2418,Vista Inn Premium
2419,Viva Wyndham Azteca
2420,Viva Wyndham Maya
2421,Vivo Resorts
2422,W Hotel Punta de Mita
2423,W Mexico City
2424,Waldorf Astoria Los Cabos Pedregal
2425,Welk Resort
2426,Westin Lagunamar
2427,Westin Regina
2428,White Sand
2429,Wyndham Alltra Cancun - All-Inclusive
2430,Wyndham Alltra Playa del Carmen – solo adultos
2431,Wyndham Cabos San Lucas
2432,Wyndham Cozumel Hotel & Resort
2433,Wyndham Garden Colima
2434,Wyndham Garden Mexico City Polanco
2435,Wyndham Garden Playa del Carmen
2436,Wyndham Merida
2437,Xaman-Ha Condominiums
2438,Xbalamqué Resort and Spa
2439,Xcala Illusion Express
2440,Xel-Há
2441,Xenses
2442,Xio Akumal
2443,Xolumado Inspiration Village By Karisma
2444,Xoximilco
2445,Xtilu Hotel
2446,Xtudio Comfort Hotel by Xperience Hotels
2447,Ya ax Hotel Boutique
2448,Yes Inn Nuevo Veracruz
2449,Ysuri Sayulita Beachfront Hotel
2450,Zadún a Ritz-Carlton Reserve
2451,Zoetry Casa Del Mar
2452,Zoetry Paraíso de la Bonita Riviera Maya
2453,Zuanayoly